<?xml version="1.0" encoding="UTF-8"?><rss version="2.0"
	xmlns:content="http://purl.org/rss/1.0/modules/content/"
	xmlns:wfw="http://wellformedweb.org/CommentAPI/"
	xmlns:dc="http://purl.org/dc/elements/1.1/"
	xmlns:atom="http://www.w3.org/2005/Atom"
	xmlns:sy="http://purl.org/rss/1.0/modules/syndication/"
	xmlns:slash="http://purl.org/rss/1.0/modules/slash/"
	
	xmlns:georss="http://www.georss.org/georss"
	xmlns:geo="http://www.w3.org/2003/01/geo/wgs84_pos#"
	>

<channel>
	<title>Noleggio Archivi - No Blog Title Set</title>
	<atom:link href="http://localhost/lunediw3/product-category/noleggio/feed/?simply_static_page=239" rel="self" type="application/rss+xml" />
	<link>/product-category/noleggio/</link>
	<description></description>
	<lastBuildDate>Sat, 04 Mar 2023 18:45:41 +0000</lastBuildDate>
	<language>it-IT</language>
	<sy:updatePeriod>
	hourly	</sy:updatePeriod>
	<sy:updateFrequency>
	1	</sy:updateFrequency>
	<generator>https://wordpress.org/?v=6.1.1</generator>
	<item>
		<title>Leasing</title>
		<link>/product/leasing/</link>
					<comments>/product/leasing/#respond</comments>
		
		<dc:creator><![CDATA[Pier]]></dc:creator>
		<pubDate>Fri, 03 Mar 2023 18:25:06 +0000</pubDate>
				<guid isPermaLink="false">/?post_type=product#038;p=1062</guid>

					<description><![CDATA[<p><strong>Potenti at sem</strong> sollicitudin nullam nulla eu, in in in pellentesque. Ut sapien convallis velit, hic libero pede. Sed egestas vel, velit in ac sit nam sit tellus. Ante sed sollicitudin fringilla mi vivamus, lorem ligula quam. Varius non aliquet justo massa vehicula, placerat tellus aenean eget et venenatis urna, fringilla dictum integer, donec metus laboris per nec vestibulum curabitur. Cras eleifend ipsum, nullam felis mattis orci viverra orci, elit enim ornare non vitae tortor duis, nulla vitae a est quam lacus. Mi maecenas sollicitudin nulla vestibulum et wisi, ac semper nibh at. Rerum interdum amet nam in, sed dui, varius tortor sed mi maecenas commodo, fringilla phasellus amet diam elementum, erat eu lacus. <strong>Augue scelerisque</strong>, erat curae varius sapien eget. Duis aliquet.</p>
<h3 style="text-align: center;"><strong>COMPILA IL FORM</strong></h3>
<p style="text-align: center;"><strong>[wpforms id="991"]</strong></p>
<p style="text-align: center;"><strong>Verrai contattato per un preventivo più accurato e personalizzato in base alle tue esigenze.</strong></p>
<p style="text-align: center;"><strong>Grazie di averci scelto!</strong></p>
<p>L'articolo <a rel="nofollow" href="/product/leasing/">Leasing</a> proviene da <a rel="nofollow" href="">No Blog Title Set</a>.</p>
]]></description>
										<content:encoded><![CDATA[<p>Potenti at sem sollicitudin nullam nulla eu, in in in pellentesque. Ut sapien convallis velit, hic libero pede. Sed egestas vel, velit in ac sit nam sit tellus. Ante sed sollicitudin fringilla mi vivamus, lorem ligula quam. Varius non aliquet justo massa vehicula, placerat tellus aenean eget et venenatis urna, fringilla dictum integer, donec metus laboris per nec vestibulum curabitur. Cras eleifend ipsum, nullam felis mattis orci viverra orci, elit enim ornare non vitae tortor duis, nulla vitae a est quam lacus. Mi maecenas sollicitudin nulla vestibulum et wisi, ac semper nibh at. Rerum interdum amet nam in, sed dui, varius tortor sed mi maecenas commodo, fringilla phasellus amet diam elementum, erat eu lacus. Augue scelerisque, erat curae varius sapien eget. Duis aliquet.</p>
<p>L'articolo <a rel="nofollow" href="/product/leasing/">Leasing</a> proviene da <a rel="nofollow" href="">No Blog Title Set</a>.</p>
]]></content:encoded>
					
					<wfw:commentRss>/product/leasing/feed/</wfw:commentRss>
			<slash:comments>0</slash:comments>
		
		
			</item>
		<item>
		<title>Affitto Mensile</title>
		<link>/product/affitto-mensile/</link>
					<comments>/product/affitto-mensile/#respond</comments>
		
		<dc:creator><![CDATA[Pier]]></dc:creator>
		<pubDate>Fri, 03 Mar 2023 18:07:47 +0000</pubDate>
				<guid isPermaLink="false">/?post_type=product#038;p=1054</guid>

					<description><![CDATA[<p><strong>Potenti at sem</strong> sollicitudin nullam nulla eu, in in in pellentesque. Ut sapien convallis velit, hic libero pede. Sed egestas vel, velit in ac sit nam sit tellus. Ante sed sollicitudin fringilla mi vivamus, lorem ligula quam. Varius non aliquet justo massa vehicula, placerat tellus aenean eget et venenatis urna, fringilla dictum integer, donec metus laboris per nec vestibulum curabitur. Cras eleifend ipsum, nullam felis mattis orci viverra orci, elit enim ornare non vitae tortor duis, nulla vitae a est quam lacus. Mi maecenas sollicitudin nulla vestibulum et wisi, ac semper nibh at. Rerum interdum amet nam in, sed dui, varius tortor sed mi maecenas commodo, fringilla phasellus amet diam elementum, erat eu lacus. <strong>Augue scelerisque</strong>, erat curae varius sapien eget. Duis aliquet.</p>
<h3 style="text-align: center;"><strong>COMPILA IL FORM</strong></h3>
<p style="text-align: center;"><strong>[wpforms id="991"]</strong></p>
<p style="text-align: center;"><strong>Verrai contattato per un preventivo più accurato e personalizzato in base alle tue esigenze.</strong></p>
<p style="text-align: center;"><strong>Grazie di averci scelto!</strong></p>
<p>L'articolo <a rel="nofollow" href="/product/affitto-mensile/">Affitto Mensile</a> proviene da <a rel="nofollow" href="">No Blog Title Set</a>.</p>
]]></description>
										<content:encoded><![CDATA[<p>Potenti at sem sollicitudin nullam nulla eu, in in in pellentesque. Ut sapien convallis velit, hic libero pede. Sed egestas vel, velit in ac sit nam sit tellus. Ante sed sollicitudin fringilla mi vivamus, lorem ligula quam. Varius non aliquet justo massa vehicula, placerat tellus aenean eget et venenatis urna, fringilla dictum integer, donec metus laboris per nec vestibulum curabitur. Cras eleifend ipsum, nullam felis mattis orci viverra orci, elit enim ornare non vitae tortor duis, nulla vitae a est quam lacus. Mi maecenas sollicitudin nulla vestibulum et wisi, ac semper nibh at. Rerum interdum amet nam in, sed dui, varius tortor sed mi maecenas commodo, fringilla phasellus amet diam elementum, erat eu lacus. Augue scelerisque, erat curae varius sapien eget. Duis aliquet.</p>
<p>L'articolo <a rel="nofollow" href="/product/affitto-mensile/">Affitto Mensile</a> proviene da <a rel="nofollow" href="">No Blog Title Set</a>.</p>
]]></content:encoded>
					
					<wfw:commentRss>/product/affitto-mensile/feed/</wfw:commentRss>
			<slash:comments>0</slash:comments>
		
		
			</item>
		<item>
		<title>Affitto Giornaliero</title>
		<link>/product/cabriolet/</link>
					<comments>/product/cabriolet/#respond</comments>
		
		<dc:creator><![CDATA[Pier]]></dc:creator>
		<pubDate>Wed, 24 May 2017 09:41:39 +0000</pubDate>
				<guid isPermaLink="false">http://belinni.pixel-show.com/?post_type=product&#038;p=408</guid>

					<description><![CDATA[<p><strong>Potenti at sem</strong> sollicitudin nullam nulla eu, in in in pellentesque. Ut sapien convallis velit, hic libero pede. Sed egestas vel, velit in ac sit nam sit tellus. Ante sed sollicitudin fringilla mi vivamus, lorem ligula quam. Varius non aliquet justo massa vehicula, placerat tellus aenean eget et venenatis urna, fringilla dictum integer, donec metus laboris per nec vestibulum curabitur. Cras eleifend ipsum, nullam felis mattis orci viverra orci, elit enim ornare non vitae tortor duis, nulla vitae a est quam lacus. Mi maecenas sollicitudin nulla vestibulum et wisi, ac semper nibh at. Rerum interdum amet nam in, sed dui, varius tortor sed mi maecenas commodo, fringilla phasellus amet diam elementum, erat eu lacus. <strong>Augue scelerisque</strong>, erat curae varius sapien eget. Duis aliquet.</p>
<h3 style="text-align: center;"><strong>COMPILA IL FORM</strong></h3>
<p style="text-align: center;"><strong>[wpforms id="991"]</strong></p>
<p style="text-align: center;"><strong>Verrai contattato per un preventivo più accurato e personalizzato in base alle tue esigenze.</strong></p>
<p style="text-align: center;"><strong>Grazie di averci scelto!</strong></p>
<p>L'articolo <a rel="nofollow" href="/product/cabriolet/">Affitto Giornaliero</a> proviene da <a rel="nofollow" href="">No Blog Title Set</a>.</p>
]]></description>
										<content:encoded><![CDATA[<p>Potenti at sem sollicitudin nullam nulla eu, in in in pellentesque. Ut sapien convallis velit, hic libero pede. Sed egestas vel, velit in ac sit nam sit tellus. Ante sed sollicitudin fringilla mi vivamus, lorem ligula quam. Varius non aliquet justo massa vehicula, placerat tellus aenean eget et venenatis urna, fringilla dictum integer, donec metus laboris per nec vestibulum curabitur. Cras eleifend ipsum, nullam felis mattis orci viverra orci, elit enim ornare non vitae tortor duis, nulla vitae a est quam lacus. Mi maecenas sollicitudin nulla vestibulum et wisi, ac semper nibh at. Rerum interdum amet nam in, sed dui, varius tortor sed mi maecenas commodo, fringilla phasellus amet diam elementum, erat eu lacus. Augue scelerisque, erat curae varius sapien eget. Duis aliquet.</p>
<p>L'articolo <a rel="nofollow" href="/product/cabriolet/">Affitto Giornaliero</a> proviene da <a rel="nofollow" href="">No Blog Title Set</a>.</p>
]]></content:encoded>
					
					<wfw:commentRss>/product/cabriolet/feed/</wfw:commentRss>
			<slash:comments>0</slash:comments>
		
		
			</item>
		<item>
		<title>Assicurazione</title>
		<link>/product/assicurazione/</link>
					<comments>/product/assicurazione/#comments</comments>
		
		<dc:creator><![CDATA[Pier]]></dc:creator>
		<pubDate>Wed, 24 May 2017 09:34:23 +0000</pubDate>
				<guid isPermaLink="false">http://belinni.pixel-show.com/?post_type=product&#038;p=403</guid>

					<description><![CDATA[<p><strong>Potenti at sem</strong> sollicitudin nullam nulla eu, in in in pellentesque. Ut sapien convallis velit, hic libero pede. Sed egestas vel, velit in ac sit nam sit tellus. Ante sed sollicitudin fringilla mi vivamus, lorem ligula quam. Varius non aliquet justo massa vehicula, placerat tellus aenean eget et venenatis urna, fringilla dictum integer, donec metus laboris per nec vestibulum curabitur. Cras eleifend ipsum, nullam felis mattis orci viverra orci, elit enim ornare non vitae tortor duis, nulla vitae a est quam lacus. Mi maecenas sollicitudin nulla vestibulum et wisi, ac semper nibh at. Rerum interdum amet nam in, sed dui, varius tortor sed mi maecenas commodo, fringilla phasellus amet diam elementum, erat eu lacus. <strong>Augue scelerisque</strong>, erat curae varius sapien eget. Duis aliquet.</p>
<p>L'articolo <a rel="nofollow" href="/product/assicurazione/">Assicurazione</a> proviene da <a rel="nofollow" href="">No Blog Title Set</a>.</p>
]]></description>
										<content:encoded><![CDATA[<p>Potenti at sem sollicitudin nullam nulla eu, in in in pellentesque. Ut sapien convallis velit, hic libero pede. Sed egestas vel, velit in ac sit nam sit tellus. Ante sed sollicitudin fringilla mi vivamus, lorem ligula quam. Varius non aliquet justo massa vehicula, placerat tellus aenean eget et venenatis urna, fringilla dictum integer, donec metus laboris per nec vestibulum curabitur. Cras eleifend ipsum, nullam felis mattis orci viverra orci, elit enim ornare non vitae tortor duis, nulla vitae a est quam lacus. Mi maecenas sollicitudin nulla vestibulum et wisi, ac semper nibh at. Rerum interdum amet nam in, sed dui, varius tortor sed mi maecenas commodo, fringilla phasellus amet diam elementum, erat eu lacus. Augue scelerisque, erat curae varius sapien eget. Duis aliquet.</p>
<p>L'articolo <a rel="nofollow" href="/product/assicurazione/">Assicurazione</a> proviene da <a rel="nofollow" href="">No Blog Title Set</a>.</p>
]]></content:encoded>
					
					<wfw:commentRss>/product/assicurazione/feed/</wfw:commentRss>
			<slash:comments>2</slash:comments>
		
		
			</item>
	</channel>
</rss>
