<?xml version="1.0" encoding="UTF-8"?><rss version="2.0"
	xmlns:content="http://purl.org/rss/1.0/modules/content/"
	xmlns:dc="http://purl.org/dc/elements/1.1/"
	xmlns:atom="http://www.w3.org/2005/Atom"
	xmlns:sy="http://purl.org/rss/1.0/modules/syndication/"
	
	xmlns:georss="http://www.georss.org/georss"
	xmlns:geo="http://www.w3.org/2003/01/geo/wgs84_pos#"
	
	>
<channel>
	<title>
	Commenti per No Blog Title Set	</title>
	<atom:link href="http://localhost/lunediw3/comments/feed/?simply_static_page=21" rel="self" type="application/rss+xml" />
	<link>/</link>
	<description></description>
	<lastBuildDate>Sat, 04 Mar 2023 18:45:41 +0000</lastBuildDate>
	<sy:updatePeriod>
	hourly	</sy:updatePeriod>
	<sy:updateFrequency>
	1	</sy:updateFrequency>
	<generator>https://wordpress.org/?v=6.1.1</generator>
	<item>
		<title>
		Commenti su Assicurazione di Viktoria		</title>
		<link>/product/assicurazione/#comment-28</link>

		<dc:creator><![CDATA[Viktoria]]></dc:creator>
		<pubDate>Wed, 24 May 2017 12:51:55 +0000</pubDate>
		<guid isPermaLink="false">http://belinni.pixel-show.com/?post_type=product&#038;p=403#comment-28</guid>

					<description><![CDATA[Thanks, for this.]]></description>
			<content:encoded><![CDATA[<p>Thanks, for this.</p>
]]></content:encoded>
		
			</item>
		<item>
		<title>
		Commenti su Assicurazione di Robert		</title>
		<link>/product/assicurazione/#comment-27</link>

		<dc:creator><![CDATA[Robert]]></dc:creator>
		<pubDate>Wed, 24 May 2017 12:51:13 +0000</pubDate>
		<guid isPermaLink="false">http://belinni.pixel-show.com/?post_type=product&#038;p=403#comment-27</guid>

					<description><![CDATA[Good Hoody!]]></description>
			<content:encoded><![CDATA[<p>Good Hoody!</p>
]]></content:encoded>
		
			</item>
	</channel>
</rss>
